source,title,link,company_name,skills,skills_count,role,location_city,region,roadmap_url
jobstreet,Full Stack / Mobile Developer & AI Engineer,https://id.jobstreet.com/id/job/92065430,PT Qonex Indonesia Solusi,"android, api, cicd, css, express, flutter, go, graphql, html, ios, javascript, kotlin, laravel, node, php, python, pytorch, react, react native, redis, sql, swift, tailwind, tensorflow, testing, vue",26,backend,jakarta,Jabodetabek,https://roadmap.sh/backend
jobstreet,Junior Software Engineer,https://id.jobstreet.com/id/job/91648206,PT Technet Vision Indonesia,"agile, angular, api, aws, cicd, css, docker, gcp, git, html, java, javascript, jest, kubernetes, node, nosql, python, react, ruby on rails, scala, sql, testing, vue",23,backend,jakarta,Jabodetabek,https://roadmap.sh/backend
jobstreet,Full Stack AI Developer,https://id.jobstreet.com/id/job/91502813,PT Kharsima Alpha Teknologi,"api, aws, azure, cicd, css, django, docker, fastapi, flask, gcp, java, javascript, jest, kubernetes, node, python, react, react native, redis, sql, tailwind, testing, typescript",23,backend,jakarta,Jabodetabek,https://roadmap.sh/backend
jobstreet,Backend Programmer,https://id.jobstreet.com/id/job/92000167,PT Nutech Integrasi,"accessibility, api, automation, css, database, express, git, go, html, java, javascript, mongodb, nextjs, node, nosql, php, python, scala, security, sql, testing",21,backend,jakarta,Jabodetabek,https://roadmap.sh/backend
jobstreet,Quality Assurance (Internship),https://id.jobstreet.com/id/job/92038778,PT Lincah Cipta Harapan,"agile, android, automation, firebase, flutter, go, ios, javascript, jest, kotlin, node, nosql, postman, python, quality assurance, selenium, sql, swift, testing, typescript, vue",21,frontend,bandung,Jawa Barat,https://roadmap.sh/frontend
jobstreet,Middle AI Engineer,https://id.jobstreet.com/id/job/91915991,PT Fata Organa Solusi,"api, aws, azure, database, docker, fastapi, flask, gcp, git, jest, numpy, pandas, python, pytorch, ruby on rails, scala, sklearn, sql, tensorflow",19,ai/ml,tangerang,Jabodetabek,https://roadmap.sh/ai-data-scientist
jobstreet,Software Engineer Internship,https://id.jobstreet.com/id/job/91761487,OPPO Indonesia,"api, css, fastapi, git, go, java, javascript, jest, nextjs, numpy, pandas, postman, react, sql, tailwind, typescript, wireshark",17,it-general,tangerang,Jabodetabek,https://roadmap.sh/computer-science
jobstreet,Full Stack Software Engineer (CAD Rooms Cloud PDM),https://id.jobstreet.com/id/job/91584877,Cavalry Collective Pte. Ltd,"api, aws, cicd, docker, git, go, graphql, javascript, kubernetes, nextjs, node, react, rust, scala, sql, terraform, typescript",17,fullstack,jakarta,Jabodetabek,https://roadmap.sh/full-stack
jobstreet,AI Engineer Internship,https://id.jobstreet.com/id/job/91578213,OPPO Indonesia,"css, fastapi, git, javascript, jest, nextjs, numpy, pandas, python, pytorch, quality assurance, react, sql, tailwind, typescript",15,ai/ml,tangerang,Jabodetabek,https://roadmap.sh/ai-data-scientist
jobstreet,AI Engineer,https://id.jobstreet.com/id/job/92062006,PT ILOGO INFRALOGY,"api, cicd, database, docker, git, go, graphql, java, javascript, nextjs, nosql, react, scala, sql, typescript, vue",16,frontend,tangerang,Jabodetabek,https://roadmap.sh/frontend
jobstreet,Junior Full Stack Engineer,https://id.jobstreet.com/id/job/91625021,PT INTAN PARIWARA,"angular, css, django, flask, html, java, javascript, laravel, node, nosql, php, python, react, sql, vue",15,backend,yogyakarta,Yogyakarta,https://roadmap.sh/backend
jobstreet,Security Engineer,https://id.jobstreet.com/id/job/91996098,Pengiklan Anonim,"aws, azure, cicd, cloud, docker, gcp, git, go, java, kubernetes, network security, penetration, python, r, react native, security",16,devops,jakarta,Jabodetabek,https://roadmap.sh/devops
jobstreet,Junior Software Engineer (JAVA),https://id.jobstreet.com/id/job/91564329,PT Infinitium Solutions,"agile, api, aws, azure, cicd, database, docker, gcp, git, html, java, javascript, kubernetes, react native, sql",15,it-general,jakarta,Jabodetabek,https://roadmap.sh/computer-science
glints,Fullstack Developer IT Intern,https://glints.com/id/opportunities/jobs/fullstack-developer-it-intern/4cb463bf-9261-43b3-96fc-0c5052a064fe,CRISBAR,"api, css, django, express, fastapi, git, html, java, javascript, nextjs, node, python, react, sql",14,backend,bandung,Jawa Barat,https://roadmap.sh/backend
jobstreet,Internship Full Stack Developer Magang,https://id.jobstreet.com/id/job/91954184,Nora Dynamic Sport,"angular, css, html, java, javascript, node, nosql, php, python, react, ruby on rails, sql, user research, vue",14,fullstack,surabaya,Jawa Timur,https://roadmap.sh/full-stack
jobstreet,FullStack Engineer,https://id.jobstreet.com/id/job/91978077,PT Sari Baut Net,"cicd, cloud, database, django, docker, java, javascript, node, nosql, python, react, rust, scala, typescript",14,fullstack,jakarta,Jabodetabek,https://roadmap.sh/full-stack
jobstreet,IT Security Engineer,https://id.jobstreet.com/id/job/91964701,Deep Symbolics Indonesia,"ansible, aws, azure, bash, cicd, docker, gcp, go, kubernetes, linux, python, rust, security, terraform",14,ai/ml,jakarta,Jabodetabek,https://roadmap.sh/ai-data-scientist
jobstreet,Full Stack Developer (Python),https://id.jobstreet.com/id/job/91842732,Engine Room Global Pte Ltd.,"aws, azure, django, fastapi, flask, gcp, git, javascript, nextjs, python, react, react native, scala, sql",14,backend,jakarta,Jabodetabek,https://roadmap.sh/backend
jobstreet,Python Developer - AI Solutions Company - Remote,https://id.jobstreet.com/id/job/91761819,PT Adecco Personnel Indonesia,"api, aws, azure, database, django, fastapi, gcp, pandas, python, pytorch, react native, scala, sql, tensorflow",14,backend,jakarta,Remote,https://roadmap.sh/backend
jobstreet,Fullstack/Frontend Web Developer,https://id.jobstreet.com/id/job/92086828,PT Turboly Teknologi Indonesia,"agile, api, cicd, css, git, html, javascript, jest, linux, redis, ruby on rails, sql, tailwind, vue",14,frontend,jakarta,Remote,https://roadmap.sh/frontend
glints,Software Intern,https://glints.com/id/opportunities/jobs/software-intern/407c9813-8569-4475-92b0-333021565ecd,PT Teknologi Solusi Industri,"api, database, docker, git, go, javascript, node, python, react, sql, testing, typescript",12,backend,jakarta,Jabodetabek,https://roadmap.sh/backend
jobstreet,Frontend Developer (Contract),https://id.jobstreet.com/id/job/91879310,LOGIQUE,"api, css, git, graphql, html, java, javascript, jest, react, springboot, tailwind, testing, typescript",13,backend,jakarta,Jabodetabek,https://roadmap.sh/backend
jobstreet,AI-Native Fullstack Developer,https://id.jobstreet.com/id/job/91870251,PT. Superbrands International,"cicd, cloud, database, docker, git, javascript, nextjs, nosql, react, scala, sql, testing",12,fullstack,yogyakarta,Yogyakarta,https://roadmap.sh/full-stack
jobstreet,Software Quality Assurance,https://id.jobstreet.com/id/job/91708767,PT Teknologi Pamadya Analitika (Meditap),"agile, appium, automation, go, java, javascript, postman, python, quality assurance, security, selenium, testing, user research",13,qa,tangerang,Jabodetabek,https://roadmap.sh/qa
glints,IT Support Intern,https://glints.com/id/opportunities/jobs/it-support-intern/c1c55ac9-d1e4-4e23-bcc5-1bf739dcca59,Hasibuan & Hasibuan Law Firm,"css, git, html, java, javascript, laravel, network security, networking, php, postman, sql, tensorflow",12,it-general,jakarta,Jabodetabek,https://roadmap.sh/computer-science
jobstreet,Front End Engineer,https://id.jobstreet.com/id/job/92029044,PT Sentra Vidya Utama,"agile, api, css, design system, figma, git, html, java, javascript, nextjs, react, typescript, vue",13,frontend,surabaya,Jawa Timur,https://roadmap.sh/frontend
glints,Backend Developer Intern,https://glints.com/id/opportunities/jobs/backend-developer-intern/789346dd-12fc-4f84-8911-2c6a3d0da3ea,PT Sigma Global Teknologi,"css, django, fastapi, flask, html, java, javascript, mongodb, python, scala, sql",11,backend,jakarta,Jabodetabek,https://roadmap.sh/backend
glints,QA Engineer Intern,https://glints.com/id/opportunities/jobs/qa-engineer-intern/dd49a176-2397-4fbe-b085-517f0efc0ceb,Glints Taploker,"agile, automation, flutter, java, javascript, quality assurance, react native, rust, testing, typescript, user research",11,qa,jakarta,Jabodetabek,https://roadmap.sh/qa
jobstreet,IT System Developer,https://id.jobstreet.com/id/job/92055863,PT. Lantabura Media,"api, css, git, html, java, javascript, laravel, nextjs, php, react, sql",11,frontend,sleman,Yogyakarta,https://roadmap.sh/frontend
jobstreet,Agentic AI Engineer,https://id.jobstreet.com/id/job/91884754,PT ADIDAYA RISET INSTRUMEN INDONESIA,"api, docker, elasticsearch, fastapi, flask, git, jest, linux, nosql, python, security, sql",12,ai/ml,jakarta,Jabodetabek,https://roadmap.sh/ai-data-scientist
jobstreet,Web Developer,https://id.jobstreet.com/id/job/91870373,PT. DIGITAL ASIA SOLUSINDO,"adobexd, api, css, firebase, git, html, java, javascript, networking, php, python, vue",12,frontend,surabaya,Jawa Timur,https://roadmap.sh/frontend
jobstreet,Back-End Intern,https://id.jobstreet.com/id/job/91914365,ZETTABYTE PTE LTD,"aws, cicd, css, git, graphql, html, java, javascript, mongodb, nosql",10,backend,yogyakarta,Yogyakarta,https://roadmap.sh/backend
jobstreet,Back End Engineer,https://id.jobstreet.com/id/job/92087073,PT Falah Inovasi Teknologi,"agile, api, docker, git, graphql, kubernetes, redis, scala, security, sql, testing",11,backend,jakarta,Jabodetabek,https://roadmap.sh/backend
jobstreet,Programmer Intern,https://id.jobstreet.com/id/job/91515713,PT Graha Karya Informasi,"api, css, express, git, html, java, javascript, node, react, sql",10,backend,jakarta,Jabodetabek,https://roadmap.sh/backend
jobstreet,Internship IT Programmer,https://id.jobstreet.com/id/job/91610561,PT Limin Marine & Offshore,"api, express, git, java, javascript, mongodb, node, react, sql, vue",10,frontend,jakarta,Jabodetabek,https://roadmap.sh/frontend
jobstreet,Senior Machine Learning Engineer,https://id.jobstreet.com/id/job/91701420,Tetra Data Teknologi,"api, cicd, docker, git, linux, python, pytorch, react native, scala, tensorflow, testing",11,ai/ml,jakarta,Jabodetabek,https://roadmap.sh/ai-data-scientist
glints,Mobile Developer Intern (Swift/Kotlin/Flutter),https://glints.com/id/opportunities/jobs/mobile-developer-intern-swift-kotlin-flutter/976c6f2a-15d0-49f7-a9f3-ce203a290d46,Công Ty Chứng Khoán Phú Hưng,"adobexd, android, api, figma, flutter, git, ios, java, kotlin, swift",10,backend,kediri,Jawa Timur,https://roadmap.sh/backend
glints,Fullstack Developer (Internship),https://glints.com/id/opportunities/jobs/fullstack-developer-internship/91ecdb8c-52c9-4978-bd7b-045017035394,DATA POLIS,"api, git, go, javascript, laravel, node, postman, react, sql",9,backend,jakarta,Jabodetabek,https://roadmap.sh/backend
jobstreet,FULL STACK SOFTWARE DEVELOPER,https://id.jobstreet.com/id/job/91769263,Pengiklan Anonim,"git, javascript, nextjs, node, nosql, python, react, react native, scala, sql",10,fullstack,jakarta,Jabodetabek,https://roadmap.sh/full-stack
jobstreet,Front End Developer,https://id.jobstreet.com/id/job/92069044,PT Tjitra Selaras Sampoerno,"api, css, database, git, html, java, javascript, php, python, quality assurance",10,frontend,jakarta,Jabodetabek,https://roadmap.sh/frontend
jobstreet,React Native Developer (Junior),https://id.jobstreet.com/id/job/92061951,"FinShot, Inc.","android, api, figma, git, ios, java, javascript, react, react native, typescript",10,backend,jakarta,Jabodetabek,https://roadmap.sh/backend
jobstreet,Frontend Engineer Web React.Js,https://id.jobstreet.com/id/job/91427414,"PT. BFI FINANCE INDONESIA, Tbk","agile, css, git, html, java, javascript, jest, react, testing, typescript",10,backend,tangerang,Jabodetabek,https://roadmap.sh/backend
jobstreet,FULLSTACK DEVELOPER,https://id.jobstreet.com/id/job/92080309,PT Gogomedia Visindo,"api, css, git, html, java, javascript, php, react, react native, sql",10,frontend,tangerang,Jabodetabek,https://roadmap.sh/frontend
jobstreet,Backend Engineer Project Intern (TikTok Shop by Tokopedia) - 2026 Start (BS/MS),https://id.jobstreet.com/id/job/88463572,TIKTOK PTE LTD (TIKTOK),"database, go, java, javascript, react, scala, sql, testing",8,backend,yogyakarta,Yogyakarta,https://roadmap.sh/backend
jobstreet,Web Programmer,https://id.jobstreet.com/id/job/91918936,PT Panin Asset Management,"api, aspnet, css, database, git, html, java, javascript, scala, user research",10,it-general,jakarta,Jabodetabek,https://roadmap.sh/computer-science
jobstreet,Web Developer,https://id.jobstreet.com/id/job/91997925,PT Petrolink Services Indonesia,"agile, angular, css, html, javascript, node, react, scala, testing, user research",10,frontend,jakarta,Jabodetabek,https://roadmap.sh/frontend
jobstreet,IT Security Specialist,https://id.jobstreet.com/id/job/92002031,PT Monotaro Indonesia,"aws, bash, gcp, network security, networking, penetration, python, security, user research, wireshark",10,devops,jakarta,Jabodetabek,https://roadmap.sh/devops
jobstreet,Jr Quality Assurance (Manual),https://id.jobstreet.com/id/job/91837996,PT Adi Data Informatika,"agile, api, automation, cicd, git, postman, quality assurance, sql, testing, user research",10,qa,jakarta,Jabodetabek,https://roadmap.sh/qa
jobstreet,Industrial Software Developer & Program Analyst,https://id.jobstreet.com/id/job/92036471,PT. Omega Group - Jakarta,"database, java, javascript, mongodb, nosql, python, pytorch, sql, tensorflow",9,it-general,jakarta,Jabodetabek,https://roadmap.sh/computer-science
jobstreet,AI Software Developer,https://id.jobstreet.com/id/job/91564368,PT SPENTERA,"agile, api, docker, git, javascript, kubernetes, node, python, scala",9,backend,jakarta,Jabodetabek,https://roadmap.sh/backend
jobstreet,(Internship) Fullstack Development,https://id.jobstreet.com/id/job/92054019,PT INTINUSA SEJAHTERA INTERNASIONAL,"css, database, flutter, git, java, javascript, laravel, sql, tailwind",9,backend,jakarta,Remote,https://roadmap.sh/backend
glints,Software Engineer - Fullstack (Laravel) Intern,https://glints.com/id/opportunities/jobs/software-engineer-fullstack-laravel-intern/bcff28ab-9c12-4202-b89a-0146b168b6f4,GITS Indonesia,"api, css, git, html, java, javascript, laravel, sql",8,backend,bandung,Jawa Barat,https://roadmap.sh/backend
glints,[INTERN] Backend Developer,https://glints.com/id/opportunities/jobs/intern-backend-developer/691f28d3-c4c2-4163-bcf0-37736e7f1d48,Meda,"agile, api, cicd, git, go, mongodb, nosql, sql",8,backend,surabaya,Jawa Timur,https://roadmap.sh/backend
glints,Internship - Fullstack Developer,https://glints.com/id/opportunities/jobs/internship-fullstack-developer/40713f74-701c-4cf3-8b6e-e44acf85a40c,Sekawan Media,"api, database, javascript, node, php, react, security, sql",8,backend,malang,Jawa Timur,https://roadmap.sh/backend
jobstreet,Front-End React Developer,https://id.jobstreet.com/id/job/91489387,PT John Galt Properties,"cicd, css, design system, figma, git, react, rust, tailwind, typescript",9,frontend,remote,Remote,https://roadmap.sh/frontend
glints,Web Developer (Intern),https://glints.com/id/opportunities/jobs/web-developer-intern/b452e050-2c48-4ab2-b7c8-585d97649f29,PT Biantara Teknologi Indonesia,"css, git, html, java, javascript, php, sql",7,frontend,tangerang,Jabodetabek,https://roadmap.sh/frontend
glints,Web Developer - Internship,https://glints.com/id/opportunities/jobs/web-developer-internship/d65b88ac-9e49-4ba6-95ee-5a342b5feb4c,PT. Nata Connexindo Digital,"android, aspnet, html, ios, java, javascript, sql",7,frontend,tangerang,Jabodetabek,https://roadmap.sh/frontend
jobstreet,Full Stack Engineer (Golang + React.JS),https://id.jobstreet.com/id/job/91752735,PT Sharing Vision Indonesia,"go, javascript, nextjs, node, python, react, sql, vue",8,backend,jakarta,Jabodetabek,https://roadmap.sh/backend
jobstreet,Junior Offensive Security Engineer,https://id.jobstreet.com/id/job/91603414,Kop. Nusantara,"android, bash, ios, linux, network security, networking, penetration, python",8,cyber,jakarta,Jabodetabek,https://roadmap.sh/cyber-security
jobstreet,AI Engineer,https://id.jobstreet.com/id/job/91724919,AME Mineral Economics Pty Ltd,"api, azure, cicd, docker, git, jest, python, testing",8,ai/ml,jakarta,Jabodetabek,https://roadmap.sh/ai-data-scientist
jobstreet,Frontend Developer,https://id.jobstreet.com/id/job/92079550,PT Gogomedia Visindo,"api, css, git, html, java, react, react native, typescript",8,backend,tangerang,Jabodetabek,https://roadmap.sh/backend
jobstreet,IT Application Developer,https://id.jobstreet.com/id/job/91907934,PT Supra Boga Lestari Tbk,"database, java, mongodb, powerbi, python, sql, tableau, user research",8,data,jakarta,Jabodetabek,https://roadmap.sh/data-analyst
glints,AI/ML Engineer Intern,https://glints.com/id/opportunities/jobs/ai-ml-engineer-intern/65538f63-3db2-4693-8673-ddf97a9c4759,Sinergimp,"jest, numpy, pandas, python, pytorch, sklearn, tensorflow",7,ai/ml,semarang,Jawa Tengah,https://roadmap.sh/ai-data-scientist
jobstreet,Software Engineer - Backend,https://id.jobstreet.com/id/job/92040266,PT Formulatrix Indonesia,"git, java, linux, python, pytorch, scala, tensorflow, testing",8,backend,salatiga,Jawa Tengah,https://roadmap.sh/backend
jobstreet,Software Engineer (C++),https://id.jobstreet.com/id/job/91711582,PT Formulatrix Indonesia,"git, java, linux, python, pytorch, scala, tensorflow, testing",8,it-general,salatiga,Jawa Tengah,https://roadmap.sh/computer-science
jobstreet,Web Developer,https://id.jobstreet.com/id/job/92000794,IndoSoft,"aspnet, database, express, html, java, javascript, sql, testing",8,frontend,malang,Jawa Timur,https://roadmap.sh/frontend
jobstreet,Security Engineer,https://id.jobstreet.com/id/job/92055911,PT Infokes Indonesia (Bandung),"aws, azure, bash, gcp, linux, penetration, python, security",8,devops,bandung,Jawa Barat,https://roadmap.sh/devops
jobstreet,Tech Developer Intern - Staff,https://id.jobstreet.com/id/job/92070649,Erajaya Group,"api, docker, laravel, node, python, sql",6,backend,jakarta,Jabodetabek,https://roadmap.sh/backend
jobstreet,IT Programmer (Internship),https://id.jobstreet.com/id/job/91599051,PT Prakarsa Alam Segar,"css, html, java, javascript, laravel, php",6,backend,bekasi,Jabodetabek,https://roadmap.sh/backend
jobstreet,Cloud Engineer / DevOps Engineer,https://id.jobstreet.com/id/job/91845778,PT EVOLUSI TEKNOLOGI SOLUSI,"aws, azure, cicd, docker, gcp, kubernetes, terraform",7,devops,jakarta,Jabodetabek,https://roadmap.sh/devops
jobstreet,Quality Assurance Engineer (Entry Level),https://id.jobstreet.com/id/job/92068351,Konnco Studio,"agile, automation, postman, selenium, sql, testing",6,qa,bantul,Yogyakarta,https://roadmap.sh/qa
jobstreet,UI/UX Engineer,https://id.jobstreet.com/id/job/91988260,PT IT Group Indonesia,"automation, css, docker, figma, git, kubernetes, vue",7,frontend,jakarta,Jabodetabek,https://roadmap.sh/frontend
jobstreet,Haquhara Internship Opportunity 2026,https://id.jobstreet.com/id/job/92087988,PT Hara Gema Dharma,"numpy, pandas, powerbi, python, r, sql, tableau",7,data,bandung,Jawa Barat,https://roadmap.sh/data-analyst
jobstreet,DevOps Intern (Mahasiswa Aktif),https://id.jobstreet.com/id/job/91484482,Unknown,"ansible, aws, cicd, docker, kubernetes, linux, terraform",7,devops,surabaya,Jawa Timur,https://roadmap.sh/devops
jobstreet,Class Manager: Back-End (Intern),https://id.jobstreet.com/id/job/92095309,PT Dibimbing Digital Indonesia,"api, docker, laravel, node, python, sql",6,backend,jakarta,Jabodetabek,https://roadmap.sh/backend
jobstreet,Mobile App Flutter Developer (Internship),https://id.jobstreet.com/id/job/92038830,PT Lincah Cipta Harapan,"android, api, flutter, git, ios, testing",6,backend,bandung,Jawa Barat,https://roadmap.sh/backend
jobstreet,IT Manager,https://id.jobstreet.com/id/job/91944027,PT Pharos Indonesia,"flutter, git, python, react, react native, sql, testing",7,devops,jakarta,Jabodetabek,https://roadmap.sh/devops
glints,Internship Mobile Developer (Kotlin Android),https://glints.com/id/opportunities/jobs/internship-mobile-developer-kotlin-android/535a0de6-75b2-41d7-be98-e910f8c7191d,PT Qtera Mandiri,"android, api, flutter, git, kotlin",5,mobile,jakarta,Jabodetabek,https://roadmap.sh/android
jobstreet,IT Backend Developer Staff,https://id.jobstreet.com/id/job/92009448,Orang Tua Group,"agile, laravel, node, nosql, php, sql",6,backend,jakarta,Jabodetabek,https://roadmap.sh/backend
jobstreet,Front-End Developer – 8th hire at a Startup!,https://id.jobstreet.com/id/job/91464109,Unknown,"css, html, javascript, react, tailwind, vue",6,frontend,jakarta,Jabodetabek,https://roadmap.sh/frontend
jobstreet,Back End Developer,https://id.jobstreet.com/id/job/91970877,PT Dua Puluh Empat Jam Online (UniPin),"api, git, graphql, java, springboot, sql",6,backend,tangerang,Jabodetabek,https://roadmap.sh/backend
jobstreet,Backend Developer (Golang),https://id.jobstreet.com/id/job/91759181,PT Lensa Utama Indonesia,"cloud, git, go, scala, sql",5,backend,yogyakarta,Yogyakarta,https://roadmap.sh/backend
jobstreet,Software Engineer Intern,https://id.jobstreet.com/id/job/91778257,PT Adira Dinamika Multi Finance Tbk,"java, javascript, php, python, testing",5,backend,jakarta,Jabodetabek,https://roadmap.sh/backend
jobstreet,Intern Data Engineer,https://id.jobstreet.com/id/job/91899231,kumparan,"aws, docker, elasticsearch, python, tensorflow",5,fullstack,jakarta,Jabodetabek,https://roadmap.sh/full-stack
jobstreet,AI Engineer,https://id.jobstreet.com/id/job/91970301,PT. Virtus Visio Vortexa (Holding),"numpy, pandas, python, pytorch, sklearn, tensorflow",6,ai/ml,jakarta,Jabodetabek,https://roadmap.sh/ai-data-scientist
jobstreet,Data Scientist,https://id.jobstreet.com/id/job/92033644,PT Sharing Vision Indonesia,"azure, jest, python, spark, sql, tableau",6,ai/ml,jakarta,Jabodetabek,https://roadmap.sh/ai-data-scientist
jobstreet,AI Engineer,https://id.jobstreet.com/id/job/91971264,ADR Group Of Companies (PT Selamat Sempurna Tbk.),"numpy, pandas, python, pytorch, sklearn, tensorflow",6,ai/ml,tangerang,Jabodetabek,https://roadmap.sh/ai-data-scientist
jobstreet,AI Engineer,https://id.jobstreet.com/id/job/91766185,PT JELAJAH DATA SEMESTA,"docker, linux, python, pytorch, scala, tensorflow",6,backend,jakarta,Jabodetabek,https://roadmap.sh/backend
jobstreet,Data Engineer,https://id.jobstreet.com/id/job/91714826,PT Anggana Catur Prima,"docker, linux, powerbi, python, sql, user research",6,data,jakarta,Jabodetabek,https://roadmap.sh/data-analyst
glints,Flutter Developer (Intern),https://glints.com/id/opportunities/jobs/flutter-developer-intern/d1e81c1b-f195-41b2-8afe-53257d1ef715,PT. CaritaHub Peduli Lansia,"api, firebase, flutter, git, react native",5,mobile,surabaya,Remote,https://roadmap.sh/android
glints,QA Engineer Intern,https://glints.com/id/opportunities/jobs/qa-engineer-intern/387313d0-6266-4389-8652-d6ea03be70d7,SimpliDOTS,"java, javascript, quality assurance, testing, typescript",5,qa,jakarta,Remote,https://roadmap.sh/qa
glints,UI/UX Desainer Intern,https://glints.com/id/opportunities/jobs/ui-ux-desainer-intern/ab0aebe8-0434-42a3-931b-6d0bedd9d6a3,PT. Vilabs Teknologi Indonesia,"adobexd, design system, figma, user research",4,ui/ux,yogyakarta,Yogyakarta,https://roadmap.sh/ux-design
glints,AI Engineer Intern,https://glints.com/id/opportunities/jobs/ai-engineer-intern/8af37607-d477-4e91-92a8-0eaaace9c262,GITS Indonesia,"docker, kubernetes, numpy, pandas, python",5,ai/ml,bandung,Jawa Barat,https://roadmap.sh/ai-data-scientist
glints,IT Intern,https://glints.com/id/opportunities/jobs/it-intern/c5845525-e88d-4de9-ab13-4781e3eb4c9b,PT DELTA SUKSES TEKNOLOGI,"database, java, php, python, sql",5,it-general,tangerang,Jabodetabek,https://roadmap.sh/computer-science
kalibrr,IT Security Internship,https://www.kalibrr.com/id-ID/c/pt-asuransi-allianz-life-indonesia/jobs/264260/it-security-internship,Pt Asuransi Allianz Life Indonesia,"agile, network security, react native, rust, security",5,cyber,jakarta,Jabodetabek,https://roadmap.sh/cyber-security
jobstreet,Software Engineering Talent Day - Surabaya,https://id.jobstreet.com/id/job/91841216,PT Formulatrix Indonesia,"git, java, python, scala, testing, user research",6,it-general,surabaya,Jawa Timur,https://roadmap.sh/computer-science
jobstreet,Staff Web Programmer (Front-End),https://id.jobstreet.com/id/job/91767654,PT All Media Indo,"api, flutter, git, laravel, sql, vue",6,backend,sidoarjo,Jawa Timur,https://roadmap.sh/backend
jobstreet,Fullstack Programmer Apprentice- (WFO-Malang),https://id.jobstreet.com/id/job/91971062,PT. Beon Intermedia,"git, laravel, php, r, react, sql",6,fullstack,malang,Jawa Timur,https://roadmap.sh/full-stack
jobstreet,Cyber Security Consultant,https://id.jobstreet.com/id/job/91971739,PT Netmarks Indonesia,"linux, network security, networking, penetration, security, wireshark",6,cyber,jakarta,Jabodetabek,https://roadmap.sh/cyber-security
jobstreet,IT System Security Administrator,https://id.jobstreet.com/id/job/91510841,PT Asuransi Raksa Pratikara,"linux, network security, networking, penetration, security, wireshark",6,devops,jakarta,Jabodetabek,https://roadmap.sh/devops
jobstreet,Quality Assurance Intern,https://id.jobstreet.com/id/job/91639761,PT Enseval Putera Megatrading Tbk,"appium, automation, quality assurance, selenium, testing",5,qa,jakarta,Jabodetabek,https://roadmap.sh/qa
jobstreet,IT Support (Application) - Jabodetabek,https://id.jobstreet.com/id/job/91790814,PT Karyaputra Suryagemilang ( KPSG ),"aws, go, java, javascript, python, sql",6,it-general,tangerang,Jabodetabek,https://roadmap.sh/computer-science
glints,Software Engineer - Intern (Paid Internship),https://glints.com/id/opportunities/jobs/software-engineer-intern-paid-internship/a96c1900-96ac-4efe-84ce-496119e00c9b,HiThink Technology Indonesia,"aspnet, cloud, java, testing",4,it-general,jakarta,Jabodetabek,https://roadmap.sh/computer-science
jobstreet,Software Engineer Intern (Paid Internship),https://id.jobstreet.com/id/job/91574175,HITHINK TECHNOLOGY INDONESIA,"aspnet, cloud, java, testing",4,it-general,jakarta,Jabodetabek,https://roadmap.sh/computer-science
jobstreet,IT Data Internship,https://id.jobstreet.com/id/job/92010482,PT. Kalbe Farma Tbk. (International Division),"powerbi, python, sql, tableau",4,data,jakarta,Jabodetabek,https://roadmap.sh/data-analyst
jobstreet,FULL STACK DEVELOPER,https://id.jobstreet.com/id/job/91974413,PT Transforme Indonesia,"git, node, php, react, sql",5,frontend,jakarta,Jabodetabek,https://roadmap.sh/frontend
jobstreet,Security Architect & Engineering,https://id.jobstreet.com/id/job/91226705,"PT. BFI FINANCE INDONESIA, Tbk","aws, azure, cicd, gcp, network security",5,devops,tangerang,Jabodetabek,https://roadmap.sh/devops
glints,Frontend Developer Intern,https://glints.com/id/opportunities/jobs/frontend-developer-intern/ce82b8d7-3677-469b-beaa-681132d3e4ee,Yayasan Maqdis,"agile, express, flutter, networking",4,backend,bandung,Remote,https://roadmap.sh/backend
glints,Backend Developer Intern,https://glints.com/id/opportunities/jobs/backend-developer-intern/d6ef1f8f-3360-41e6-b314-686ba8e1f0cf,Yayasan Maqdis,"agile, express, flutter, networking",4,backend,bandung,Remote,https://roadmap.sh/backend
jobstreet,Internship Program,https://id.jobstreet.com/id/job/91815933,Highpoint Group,"adobexd, design system, figma, user research",4,ui/ux,jakarta,Jabodetabek,https://roadmap.sh/ux-design
jobstreet,PROGRAMMER WEB,https://id.jobstreet.com/id/job/92092188,Pengiklan Anonim,"agile, java, javascript, php, sql",5,it-general,karawang,Jawa Barat,https://roadmap.sh/computer-science
jobstreet,Cyber Security Palo Alto,https://id.jobstreet.com/id/job/91966159,PT Binajasa Sumber Sarana (BSS Recruitment),"network security, networking, penetration, security, wireshark",5,cyber,jakarta,Jabodetabek,https://roadmap.sh/cyber-security
jobstreet,Cybersecurity Bootcamp,https://id.jobstreet.com/id/job/91623489,Pengiklan Anonim,"linux, network security, networking, penetration, security",5,cyber,jakarta,Jabodetabek,https://roadmap.sh/cyber-security
jobstreet,Network Security Engineer,https://id.jobstreet.com/id/job/91869717,PT Cemerlang Tunggal Intikarsa (CTI Group Jakarta),"network security, networking, penetration, security, wireshark",5,cyber,kediri,Jawa Timur,https://roadmap.sh/cyber-security
jobstreet,Jr Quality Assurance (Automation),https://id.jobstreet.com/id/job/91838175,PT Adi Data Informatika,"appium, automation, quality assurance, selenium, testing",5,qa,jakarta,Jabodetabek,https://roadmap.sh/qa
glints,Magang IT Programmer,https://glints.com/id/opportunities/jobs/magang-it-programmer/77a1014f-a999-46ad-aba3-ebed528a23fd,PT Sentral Layanan Prima,"java, javascript, sql",3,it-general,jakarta,Jabodetabek,https://roadmap.sh/computer-science
jobstreet,Network Security Engineer,https://id.jobstreet.com/id/job/92093213,PT. Berca Hardayaperkasa,"network security, networking, scala, security",4,cyber,jakarta,Jabodetabek,https://roadmap.sh/cyber-security
jobstreet,Data Engineer,https://id.jobstreet.com/id/job/91788461,PT IDStar Cipta Teknologi,"database, gcp, scala, sql",4,devops,jakarta,Jabodetabek,https://roadmap.sh/devops
jobstreet,IT Programmer,https://id.jobstreet.com/id/job/91718075,PT Stainless Steel Primavalve MajuBersama,"aspnet, express, php, sql",4,it-general,tangerang,Jabodetabek,https://roadmap.sh/computer-science
jobstreet,IT JAVA Programmer (Junior),https://id.jobstreet.com/id/job/91880847,PT Hitachi eBworx Indonesia,"java, quality assurance, react native, sql",4,backend,jakarta,Jabodetabek,https://roadmap.sh/backend
jobstreet,Programmer/ IT Developer,https://id.jobstreet.com/id/job/91890061,PT META LIFE INDONESIA,"javascript, pandas, python, sql",4,backend,tangerang,Jabodetabek,https://roadmap.sh/backend
jobstreet,IT PROGRAMMER STAFF,https://id.jobstreet.com/id/job/90332732,PT Indomobil Finance Indonesia,"aspnet, css, html, sql",4,it-general,jakarta,Jabodetabek,https://roadmap.sh/computer-science
glints,UI/UX Designer Intern,https://glints.com/id/opportunities/jobs/ui-ux-designer-intern/27eae152-2e8c-4815-9208-428718582c32,Sukhakala Photobooth,"adobexd, design system, figma, user research",4,ui/ux,bandung,Jawa Barat,https://roadmap.sh/ux-design
glints,UI/UX Designer Intern,https://glints.com/id/opportunities/jobs/ui-ux-designer-intern/0d0e276b-696a-4780-97c0-09330c21b432,PT. Cipta Visi Cakrawala,"design system, figma, rust, user research",4,ui/ux,tangerang,Remote,https://roadmap.sh/ux-design
glints,Data Analyst INTERN,https://glints.com/id/opportunities/jobs/data-analyst-intern/c2d06d13-bde5-446b-ab3a-ebb55bbb141c,Markethac,"mongodb, nosql, sql",3,data,jakarta,Remote,https://roadmap.sh/data-analyst
glints,Data Analyst Intern,https://glints.com/id/opportunities/jobs/data-analyst-intern/18cd3d8d-b4b5-43cf-aebc-64e001180dfd,Cad-it Iot Centre,"python, react native, sql",3,data,bandung,Jawa Barat,https://roadmap.sh/data-analyst
glints,Frontend Developer - Internship,https://glints.com/id/opportunities/jobs/frontend-developer-internship/c38c1c46-febc-4633-9f77-6590f85e7cdd,Peduly,"css, react, tailwind",3,frontend,surabaya,Jawa Timur,https://roadmap.sh/frontend
jobstreet,UI / UX Designer Internship,https://id.jobstreet.com/id/job/91774586,OPPO Indonesia,"adobexd, figma, testing",3,ui/ux,tangerang,Jabodetabek,https://roadmap.sh/ux-design
jobstreet,Software Engineer Frontend (Graduate Internship),https://id.jobstreet.com/id/job/91537036,PT Formulatrix Indonesia,"javascript, react, react native",3,frontend,salatiga,Jawa Tengah,https://roadmap.sh/frontend
jobstreet,"Staff Sistem Administration, IT Security & Networking",https://id.jobstreet.com/id/job/92083357,PT Module Intracs Yasatama,"linux, networking, security, sql",4,cyber,bekasi,Jabodetabek,https://roadmap.sh/cyber-security
jobstreet,Paid Internship - Software Quality Assurance (Tester),https://id.jobstreet.com/id/job/91931534,PT Solusi Mudah Satu Mitra Bersama,"agile, quality assurance, testing",3,qa,sidoarjo,Jawa Timur,https://roadmap.sh/qa
jobstreet,Product Designer,https://id.jobstreet.com/id/job/92092133,PT Hydrax Teknologi Indonesia,"agile, figma, jest, testing",4,devops,jakarta,Jabodetabek,https://roadmap.sh/devops
jobstreet,IT Support,https://id.jobstreet.com/id/job/91678732,ESQ Group,"laravel, linux, networking, sql",4,backend,jakarta,Jabodetabek,https://roadmap.sh/backend
jobstreet,IT Staff,https://id.jobstreet.com/id/job/91946700,PT Sari Sarana Kimiatama,"database, linux, networking, user research",4,devops,jakarta,Jabodetabek,https://roadmap.sh/devops
jobstreet,Pharmacy Activation Data Intern,https://id.jobstreet.com/id/job/92088714,Danone Indonesia,"powerbi, react native",2,data,jakarta,Jabodetabek,https://roadmap.sh/data-analyst
jobstreet,BackEnd Engineer,https://id.jobstreet.com/id/job/92005813,PT Mitra Global Holiday,"api, aspnet, sql",3,backend,jakarta,Jabodetabek,https://roadmap.sh/backend
jobstreet,Network Security Engineer,https://id.jobstreet.com/id/job/92039264,PT Net Sistem Infotama,"network security, networking, user research",3,cyber,jakarta,Jabodetabek,https://roadmap.sh/cyber-security
jobstreet,Software QA Engineer Intern,https://id.jobstreet.com/id/job/91782590,PT Vertika Technologies Nusantara,"quality assurance, testing",2,qa,jakarta,Jabodetabek,https://roadmap.sh/qa
jobstreet,QA Engineer (Intern),https://id.jobstreet.com/id/job/91813491,PT Horizon Internusa Persada,"agile, quality assurance",2,qa,jakarta,Jabodetabek,https://roadmap.sh/qa
glints,UI UX Designer Intern,https://glints.com/id/opportunities/jobs/ui-ux-designer-intern/3ae8e0d0-057e-4c5f-a06a-1253c60285c3,Noak,"design system, scala, user research",3,ui/ux,pati,Remote,https://roadmap.sh/ux-design
glints,UI/UX Designer (Paid Internship),https://glints.com/id/opportunities/jobs/ui-ux-designer-paid-internship/4a85f54a-a660-4788-b60c-cd0a5d970f6c,Komerce,"design system, figma, user research",3,ui/ux,purbalingga,Jawa Tengah,https://roadmap.sh/ux-design
glints,IT Support Intern (Magang),https://glints.com/id/opportunities/jobs/it-support-intern-magang/a65069f2-1e8d-4f42-8866-fd48ea43ee1f,PT. Industrial Robotic Automation,"css, html, php",3,it-general,surabaya,Jawa Timur,https://roadmap.sh/computer-science
jobstreet,Computer Vision Internship,https://id.jobstreet.com/id/job/91668355,Jonas Photo,"python, pytorch, tensorflow",3,ai/ml,bandung,Jawa Barat,https://roadmap.sh/ai-data-scientist
jobstreet,Network Security Department Head,https://id.jobstreet.com/id/job/91803680,Pengiklan Anonim,"network security, networking, penetration, security",4,devops,jakarta,Remote,https://roadmap.sh/devops
jobstreet,Cyber Security Officer,https://id.jobstreet.com/id/job/91887796,PT VARIA USAHA FABRIKASI,"linux, network security, networking, security",4,cyber,gresik,Jawa Timur,https://roadmap.sh/cyber-security
jobstreet,Website Builder & Content Publisher [UI/UX Experience],https://id.jobstreet.com/id/job/91678815,Process Flow SRL,"css, html, quality assurance, user research",4,ui/ux,kediri,Remote,https://roadmap.sh/ux-design
glints,QA Engineer Intern,https://glints.com/id/opportunities/jobs/qa-engineer-intern/590ac3f3-64d2-4c8e-acfe-f1248557315a,Duluin Group,"quality assurance, testing",2,qa,bandung,Jawa Barat,https://roadmap.sh/qa
glints,IT Intern,https://glints.com/id/opportunities/jobs/it-intern/c4feec69-cffb-47e9-ae53-462bd7208007,Pt Werkudara Nirwana Sakti,tensorflow,1,it-general,yogyakarta,Yogyakarta,https://roadmap.sh/computer-science
glints,IT Intern (for Batam placement),https://glints.com/id/opportunities/jobs/it-intern-for-batam-placement/f5dd8513-f339-4b14-9164-365450e858ad,Glints Taploker,"react native, user research",2,it-general,jakarta,Jabodetabek,https://roadmap.sh/computer-science
glints,IT Support Intern,https://glints.com/id/opportunities/jobs/it-support-intern/0858aa85-18de-4dc6-808e-5f70beba3938,PT Karsa Omni Teknologi Adicipta,"linux, networking",2,it-general,jakarta,Jabodetabek,https://roadmap.sh/computer-science
jobstreet,"IT Security & Government, Risk and Compliance",https://id.jobstreet.com/id/job/91668658,PT. AEON Indonesia,"penetration, rust, security",3,devops,tangerang,Jabodetabek,https://roadmap.sh/devops
jobstreet,IT Security,https://id.jobstreet.com/id/job/91652360,PT Astra Graphia Information Technology (AGIT),"cloud, linux, penetration",3,devops,jakarta,Jabodetabek,https://roadmap.sh/devops
jobstreet,Data Analyst,https://id.jobstreet.com/id/job/92028378,PT Bersaudara Inti Corpora,"powerbi, python, sql",3,data,jakarta,Remote,https://roadmap.sh/data-analyst
jobstreet,IT Quality Assurance Tester (Manual / Automation),https://id.jobstreet.com/id/job/91652319,PT Karyaputra Suryagemilang ( KPSG ),"agile, automation, selenium",3,qa,jakarta,Jabodetabek,https://roadmap.sh/qa
jobstreet,IT Quality Assurance Automation,https://id.jobstreet.com/id/job/91290231,PT Nawa Data Solutions,"automation, quality assurance, sql",3,qa,jakarta,Jabodetabek,https://roadmap.sh/qa
jobstreet,Quality Assurance Manual Tester,https://id.jobstreet.com/id/job/91563811,PT Lentera Bangsa Benderang,"agile, postman, testing",3,qa,jakarta,Jabodetabek,https://roadmap.sh/qa
jobstreet,Application Specialist Intern,https://id.jobstreet.com/id/job/91692169,PT Aino Indonesia,quality assurance,1,qa,yogyakarta,Yogyakarta,https://roadmap.sh/qa
jobstreet,Quality Assurance,https://id.jobstreet.com/id/job/91643235,PT Abhimata Persada,"agile, quality assurance, sql",3,backend,jakarta,Jabodetabek,https://roadmap.sh/backend
jobstreet,IT Staff,https://id.jobstreet.com/id/job/91586960,PT OASE TEKNOLOGI ASIA,"quality assurance, testing, user research",3,it-general,jakarta,Jabodetabek,https://roadmap.sh/computer-science
glints,IT Developer Intern,https://glints.com/id/opportunities/jobs/it-developer-intern/7670f75a-3d3f-48b5-9abe-0e09fa6b0e88,PT Sinergi Wahana Gemilang,security,1,cyber,jakarta,Jabodetabek,https://roadmap.sh/cyber-security
jobstreet,Data Scientist Intern,https://id.jobstreet.com/id/job/91924068,PT GOTO GOJEK TOKOPEDIA TBK,rust,1,ai/ml,jakarta,Jabodetabek,https://roadmap.sh/ai-data-scientist
jobstreet,Data Analyst,https://id.jobstreet.com/id/job/91783675,PT Nusantara Sakti Group (JAKARTA),"powerbi, sql",2,data,jakarta,Jabodetabek,https://roadmap.sh/data-analyst
jobstreet,Web Developer (Spring Framework),https://id.jobstreet.com/id/job/92062043,"FinShot, Inc.","springboot, user research",2,backend,jakarta,Jabodetabek,https://roadmap.sh/backend
jobstreet,IT Security Engineer,https://id.jobstreet.com/id/job/91669369,PT Altros Teknologi,"network security, security",2,cyber,jakarta,Jabodetabek,https://roadmap.sh/cyber-security
jobstreet,Machine Learning Engineering Section Head,https://id.jobstreet.com/id/job/91673562,OLX Indonesia,"cicd, scala",2,ai/ml,jakarta,Jabodetabek,https://roadmap.sh/ai-data-scientist
glints,IT Intern,https://glints.com/id/opportunities/jobs/it-intern/b980f6ee-3c39-4b51-a05e-6386e6fc870c,INTERFLY.ID,"css, html",2,it-general,jakarta,Remote,https://roadmap.sh/computer-science
glints,Graduate Intern - Software Engineer,https://glints.com/id/opportunities/jobs/graduate-intern-software-engineer/140356bb-e73e-4305-98e8-3290734a5f26,PT Formulatrix Indonesia,react native,1,it-general,salatiga,Jawa Tengah,https://roadmap.sh/computer-science
glints,UI/UX Internship,https://glints.com/id/opportunities/jobs/ui-ux-internship/65dedbb0-d473-42b8-88c9-37e3c0d84373,Pt Vanz Inovatif Teknologi (qbit),figma,1,ui/ux,jakarta,Jabodetabek,https://roadmap.sh/ux-design
glints,IT Support Intern,https://glints.com/id/opportunities/jobs/it-support-intern/1b08378b-ef7c-4a40-ac3a-2f0f731ea2ad,Kalapa Technology,"networking, database, linux, security",4,it-general,yogyakarta,Yogyakarta,https://roadmap.sh/computer-science
jobstreet,Web Developer Intern - Remote,https://id.jobstreet.com/id/job/92072368,Business Web Solutions,react native,1,frontend,jakarta,Remote,https://roadmap.sh/frontend
jobstreet,GRC Staff (IT),https://id.jobstreet.com/id/job/91727101,Pengiklan Anonim,"penetration, security",2,cyber,jakarta,Jabodetabek,https://roadmap.sh/cyber-security
jobstreet,Cyber Security Operation Advance - Layer 3,https://id.jobstreet.com/id/job/91694948,PT XYNEXIS INTERNATIONAL,"penetration, security",2,cyber,jakarta,Jabodetabek,https://roadmap.sh/cyber-security
jobstreet,Presales IT Security,https://id.jobstreet.com/id/job/91530036,Cyber Sinergi Indonesia,"network security, security",2,cyber,jakarta,Jabodetabek,https://roadmap.sh/cyber-security
jobstreet,Manager Consultant (Cybersecurity),https://id.jobstreet.com/id/job/91649211,PT Veda Praxis,"penetration, security",2,cyber,jakarta,Jabodetabek,https://roadmap.sh/cyber-security
jobstreet,Information Security Officer,https://id.jobstreet.com/id/job/91577982,PT Sqiva Infotech Nusantara,"network security, security",2,cyber,jakarta,Jabodetabek,https://roadmap.sh/cyber-security
jobstreet,Junior Quality Assurance,https://id.jobstreet.com/id/job/92039826,PT. Sinergi Innovate Pratama,"postman, sql",2,qa,jakarta,Jabodetabek,https://roadmap.sh/qa
jobstreet,Web Designer,https://id.jobstreet.com/id/job/91993263,PT Lelco Trindo Graha Nusantara,"css, html",2,frontend,jakarta,Jabodetabek,https://roadmap.sh/frontend
jobstreet,IT SPECIALIST,https://id.jobstreet.com/id/job/91529832,PT. BBA,"linux, networking",2,it-general,jakarta,Jabodetabek,https://roadmap.sh/computer-science
jobstreet,Software Developer,https://id.jobstreet.com/id/job/91677128,PT System Ever Indonesia,sql,1,it-general,jakarta,Jabodetabek,https://roadmap.sh/computer-science
jobstreet,AI Engineer,https://id.jobstreet.com/id/job/91714406,Pengiklan Anonim,python,1,ai/ml,jakarta,Jabodetabek,https://roadmap.sh/ai-data-scientist
glints,UI/UX Designer (Intern),https://glints.com/id/opportunities/jobs/ui-ux-designer-intern/10708f2b-bc12-4866-b26d-eef85328defa,PT Tirtamas Coldstorindo Logistik,figma,1,ui/ux,surabaya,Jawa Timur,https://roadmap.sh/ux-design
glints,UI/UX Designer Intern,https://glints.com/id/opportunities/jobs/ui-ux-designer-intern/f8e8cad1-bc7a-48ec-b662-d6b5a21abc9f,Công ty TNHH ITC Group,agile,1,ui/ux,kediri,Jawa Timur,https://roadmap.sh/ux-design
glints,IT Intern,https://glints.com/id/opportunities/jobs/it-intern/98ffb37a-3609-432a-9d6b-5f87abd769d8,PT Citarasaprima Indonesia Berjaya (CRP Group),networking,1,it-general,bandung,Jawa Barat,https://roadmap.sh/computer-science
jobstreet,SUPERVISOR OPERASIONAL,https://id.jobstreet.com/id/job/91890692,Sinar Matahari Nasional (Jepara),"jest, quality assurance",2,qa,jepara,Jawa Tengah,https://roadmap.sh/qa
jobstreet,UI/UX Designer (Intern),https://id.jobstreet.com/id/job/92091918,PT. Tirtamas Coldstorindo Logistik,figma,1,ui/ux,surabaya,Jawa Timur,https://roadmap.sh/ux-design
glints,IT Intern,https://glints.com/id/opportunities/jobs/it-intern/0cd86f81-a8e8-4054-8466-31a8d2200826,Comika,"networking, database, linux, security",4,it-general,jakarta,Jabodetabek,https://roadmap.sh/computer-science
glints,IT Intern,https://glints.com/id/opportunities/jobs/it-intern/c15c322f-46a4-4ef7-ae07-4cd141a5f230,Comika,"networking, database, linux, security",4,it-general,jakarta,Jabodetabek,https://roadmap.sh/computer-science
jobstreet,"Customer Service, Account Officer, Kepala Bagian Kredit, Driver, Audit Intern",https://id.jobstreet.com/id/job/92055334,PT BPR Dana Mitra Indonesia,"networking, database, linux, security",4,it-general,jakarta,Jabodetabek,https://roadmap.sh/computer-science
jobstreet,DATA ANALYST,https://id.jobstreet.com/id/job/91910613,PT Karya Anugerah Jaya,user research,1,data,sidoarjo,Jawa Timur,https://roadmap.sh/data-analyst
jobstreet,IT Cyber Security Officer,https://id.jobstreet.com/id/job/91438151,PT Kb Valbury Sekuritas,security,1,cyber,jakarta,Jabodetabek,https://roadmap.sh/cyber-security
jobstreet,IT Security,https://id.jobstreet.com/id/job/91766944,Agit,security,1,cyber,jakarta,Jabodetabek,https://roadmap.sh/cyber-security
jobstreet,Cybersecurity Cloud Sales,https://id.jobstreet.com/id/job/91559527,PT Leyun Cloud Asia,security,1,cyber,tangerang,Jabodetabek,https://roadmap.sh/cyber-security
jobstreet,Tester Quality Assurance,https://id.jobstreet.com/id/job/91946431,PT GRESTENAN RAMADHANI,agile,1,qa,jakarta,Jabodetabek,https://roadmap.sh/qa
jobstreet,Quality Assurance Staff,https://id.jobstreet.com/id/job/91655725,Pengiklan Anonim,quality assurance,1,qa,jakarta,Jabodetabek,https://roadmap.sh/qa
jobstreet,IT INTERNSHIP,https://id.jobstreet.com/id/job/91522887,PT Intera Lestari Polimer,"networking, database, linux, security",4,it-general,tangerang,Jabodetabek,https://roadmap.sh/computer-science
jobstreet,Junior Software Engineer (Fresh Graduate),https://id.jobstreet.com/id/job/92014338,PT Bumi Berkah Boga,"git, sql, javascript, python",4,it-general,jakarta,Jabodetabek,https://roadmap.sh/computer-science
glints,IT Support Intern,https://glints.com/id/opportunities/jobs/it-support-intern/dc3a2dfe-a87a-435e-b533-c66f822c1f91,Sinergi Mitra Investama,"networking, database, linux, security",4,it-general,gresik,Jawa Timur,https://roadmap.sh/computer-science
jobstreet,Intern Care Officer (IT Support & Customer Service),https://id.jobstreet.com/id/job/91939865,PT Biometrik Citra Solusi,"networking, database, linux, security",4,it-general,surabaya,Jawa Timur,https://roadmap.sh/computer-science
jobstreet,IT Support,https://id.jobstreet.com/id/job/91635836,Ika Raya Sentausa,sql,1,it-general,malang,Jawa Timur,https://roadmap.sh/computer-science
jobstreet,Software & PLC Programmer,https://id.jobstreet.com/id/job/91736026,PT TCT AUTOMATION ENGINEERING,"git, sql, javascript, python",4,it-general,karawang,Jawa Barat,https://roadmap.sh/computer-science
jobstreet,IT support,https://id.jobstreet.com/id/job/91834228,Pengiklan Anonim,"networking, database, linux, security",4,it-general,jakarta,Jabodetabek,https://roadmap.sh/computer-science
